year,period,periodName,latest,value,footnotes,calculations,DateTime,MonthOverMonth,3-Month,6-Month,YearOverYear
2023,M10,October,true,3.9,[{}],"{'net_changes': {'1': '0.1', '3': '0.4', '6': '0.5', '12': '0.2'}, 'pct_changes': {'1': '2.6', '3': '11.4', '6': '14.7', '12': '5.4'}}",2023-10-01,0.1,0.4,0.5,0.2
2023,M09,September,,3.8,[{}],"{'net_changes': {'1': '0.0', '3': '0.2', '6': '0.3', '12': '0.3'}, 'pct_changes': {'1': '0.0', '3': '5.6', '6': '8.6', '12': '8.6'}}",2023-09-01,0.0,0.2,0.3,0.3
2023,M08,August,,3.8,[{}],"{'net_changes': {'1': '0.3', '3': '0.1', '6': '0.2', '12': '0.1'}, 'pct_changes': {'1': '8.6', '3': '2.7', '6': '5.6', '12': '2.7'}}",2023-08-01,0.3,0.1,0.2,0.1
2023,M07,July,,3.5,[{}],"{'net_changes': {'1': '-0.1', '3': '0.1', '6': '0.1', '12': '0.0'}, 'pct_changes': {'1': '-2.8', '3': '2.9', '6': '2.9', '12': '0.0'}}",2023-07-01,-0.1,0.1,0.1,0.0
2023,M06,June,,3.6,[{}],"{'net_changes': {'1': '-0.1', '3': '0.1', '6': '0.1', '12': '0.0'}, 'pct_changes': {'1': '-2.7', '3': '2.9', '6': '2.9', '12': '0.0'}}",2023-06-01,-0.1,0.1,0.1,0.0
2023,M05,May,,3.7,[{}],"{'net_changes': {'1': '0.3', '3': '0.1', '6': '0.1', '12': '0.1'}, 'pct_changes': {'1': '8.8', '3': '2.8', '6': '2.8', '12': '2.8'}}",2023-05-01,0.3,0.1,0.1,0.1
2023,M04,April,,3.4,[{}],"{'net_changes': {'1': '-0.1', '3': '0.0', '6': '-0.3', '12': '-0.2'}, 'pct_changes': {'1': '-2.9', '3': '0.0', '6': '-8.1', '12': '-5.6'}}",2023-04-01,-0.1,0.0,-0.3,-0.2
2023,M03,March,,3.5,[{}],"{'net_changes': {'1': '-0.1', '3': '0.0', '6': '0.0', '12': '-0.1'}, 'pct_changes': {'1': '-2.8', '3': '0.0', '6': '0.0', '12': '-2.8'}}",2023-03-01,-0.1,0.0,0.0,-0.1
2023,M02,February,,3.6,[{}],"{'net_changes': {'1': '0.2', '3': '0.0', '6': '-0.1', '12': '-0.2'}, 'pct_changes': {'1': '5.9', '3': '0.0', '6': '-2.7', '12': '-5.3'}}",2023-02-01,0.2,0.0,-0.1,-0.2
2023,M01,January,,3.4,[{}],"{'net_changes': {'1': '-0.1', '3': '-0.3', '6': '-0.1', '12': '-0.6'}, 'pct_changes': {'1': '-2.9', '3': '-8.1', '6': '-2.9', '12': '-15.0'}}",2023-01-01,-0.1,-0.3,-0.1,-0.6
2022,M12,December,,3.5,[{}],"{'net_changes': {'1': '-0.1', '3': '0.0', '6': '-0.1', '12': '-0.4'}, 'pct_changes': {'1': '-2.8', '3': '0.0', '6': '-2.8', '12': '-10.3'}}",2022-12-01,-0.1,0.0,-0.1,-0.4
2022,M11,November,,3.6,[{}],"{'net_changes': {'1': '-0.1', '3': '-0.1', '6': '0.0', '12': '-0.6'}, 'pct_changes': {'1': '-2.7', '3': '-2.7', '6': '0.0', '12': '-14.3'}}",2022-11-01,-0.1,-0.1,0.0,-0.6
2022,M10,October,,3.7,[{}],"{'net_changes': {'1': '0.2', '3': '0.2', '6': '0.1', '12': '-0.8'}, 'pct_changes': {'1': '5.7', '3': '5.7', '6': '2.8', '12': '-17.8'}}",2022-10-01,0.2,0.2,0.1,-0.8
2022,M09,September,,3.5,[{}],"{'net_changes': {'1': '-0.2', '3': '-0.1', '6': '-0.1', '12': '-1.3'}, 'pct_changes': {'1': '-5.4', '3': '-2.8', '6': '-2.8', '12': '-27.1'}}",2022-09-01,-0.2,-0.1,-0.1,-1.3
2022,M08,August,,3.7,[{}],"{'net_changes': {'1': '0.2', '3': '0.1', '6': '-0.1', '12': '-1.5'}, 'pct_changes': {'1': '5.7', '3': '2.8', '6': '-2.6', '12': '-28.8'}}",2022-08-01,0.2,0.1,-0.1,-1.5
2022,M07,July,,3.5,[{}],"{'net_changes': {'1': '-0.1', '3': '-0.1', '6': '-0.5', '12': '-1.9'}, 'pct_changes': {'1': '-2.8', '3': '-2.8', '6': '-12.5', '12': '-35.2'}}",2022-07-01,-0.1,-0.1,-0.5,-1.9
2022,M06,June,,3.6,[{}],"{'net_changes': {'1': '0.0', '3': '0.0', '6': '-0.3', '12': '-2.3'}, 'pct_changes': {'1': '0.0', '3': '0.0', '6': '-7.7', '12': '-39.0'}}",2022-06-01,0.0,0.0,-0.3,-2.3
2022,M05,May,,3.6,[{}],"{'net_changes': {'1': '0.0', '3': '-0.2', '6': '-0.6', '12': '-2.2'}, 'pct_changes': {'1': '0.0', '3': '-5.3', '6': '-14.3', '12': '-37.9'}}",2022-05-01,0.0,-0.2,-0.6,-2.2
2022,M04,April,,3.6,[{}],"{'net_changes': {'1': '0.0', '3': '-0.4', '6': '-0.9', '12': '-2.5'}, 'pct_changes': {'1': '0.0', '3': '-10.0', '6': '-20.0', '12': '-41.0'}}",2022-04-01,0.0,-0.4,-0.9,-2.5
2022,M03,March,,3.6,[{}],"{'net_changes': {'1': '-0.2', '3': '-0.3', '6': '-1.2', '12': '-2.5'}, 'pct_changes': {'1': '-5.3', '3': '-7.7', '6': '-25.0', '12': '-41.0'}}",2022-03-01,-0.2,-0.3,-1.2,-2.5
2022,M02,February,,3.8,[{}],"{'net_changes': {'1': '-0.2', '3': '-0.4', '6': '-1.4', '12': '-2.4'}, 'pct_changes': {'1': '-5.0', '3': '-9.5', '6': '-26.9', '12': '-38.7'}}",2022-02-01,-0.2,-0.4,-1.4,-2.4
2022,M01,January,,4.0,[{}],"{'net_changes': {'1': '0.1', '3': '-0.5', '6': '-1.4', '12': '-2.3'}, 'pct_changes': {'1': '2.6', '3': '-11.1', '6': '-25.9', '12': '-36.5'}}",2022-01-01,0.1,-0.5,-1.4,-2.3
2021,M12,December,,3.9,[{}],"{'net_changes': {'1': '-0.3', '3': '-0.9', '6': '-2.0', '12': '-2.8'}, 'pct_changes': {'1': '-7.1', '3': '-18.8', '6': '-33.9', '12': '-41.8'}}",2021-12-01,-0.3,-0.9,-2.0,-2.8
2021,M11,November,,4.2,[{}],"{'net_changes': {'1': '-0.3', '3': '-1.0', '6': '-1.6', '12': '-2.5'}, 'pct_changes': {'1': '-6.7', '3': '-19.2', '6': '-27.6', '12': '-37.3'}}",2021-11-01,-0.3,-1.0,-1.6,-2.5
2021,M10,October,,4.5,[{}],"{'net_changes': {'1': '-0.3', '3': '-0.9', '6': '-1.6', '12': '-2.4'}, 'pct_changes': {'1': '-6.3', '3': '-16.7', '6': '-26.2', '12': '-34.8'}}",2021-10-01,-0.3,-0.9,-1.6,-2.4
2021,M09,September,,4.8,[{}],"{'net_changes': {'1': '-0.4', '3': '-1.1', '6': '-1.3', '12': '-3.1'}, 'pct_changes': {'1': '-7.7', '3': '-18.6', '6': '-21.3', '12': '-39.2'}}",2021-09-01,-0.4,-1.1,-1.3,-3.1
2021,M08,August,,5.2,[{}],"{'net_changes': {'1': '-0.2', '3': '-0.6', '6': '-1.0', '12': '-3.2'}, 'pct_changes': {'1': '-3.7', '3': '-10.3', '6': '-16.1', '12': '-38.1'}}",2021-08-01,-0.2,-0.6,-1.0,-3.2
2021,M07,July,,5.4,[{}],"{'net_changes': {'1': '-0.5', '3': '-0.7', '6': '-0.9', '12': '-4.8'}, 'pct_changes': {'1': '-8.5', '3': '-11.5', '6': '-14.3', '12': '-47.1'}}",2021-07-01,-0.5,-0.7,-0.9,-4.8
2021,M06,June,,5.9,[{}],"{'net_changes': {'1': '0.1', '3': '-0.2', '6': '-0.8', '12': '-5.1'}, 'pct_changes': {'1': '1.7', '3': '-3.3', '6': '-11.9', '12': '-46.4'}}",2021-06-01,0.1,-0.2,-0.8,-5.1
2021,M05,May,,5.8,[{}],"{'net_changes': {'1': '-0.3', '3': '-0.4', '6': '-0.9', '12': '-7.4'}, 'pct_changes': {'1': '-4.9', '3': '-6.5', '6': '-13.4', '12': '-56.1'}}",2021-05-01,-0.3,-0.4,-0.9,-7.4
2021,M04,April,,6.1,[{}],"{'net_changes': {'1': '0.0', '3': '-0.2', '6': '-0.8', '12': '-8.6'}, 'pct_changes': {'1': '0.0', '3': '-3.2', '6': '-11.6', '12': '-58.5'}}",2021-04-01,0.0,-0.2,-0.8,-8.6
2021,M03,March,,6.1,[{}],"{'net_changes': {'1': '-0.1', '3': '-0.6', '6': '-1.8', '12': '1.7'}, 'pct_changes': {'1': '-1.6', '3': '-9.0', '6': '-22.8', '12': '38.6'}}",2021-03-01,-0.1,-0.6,-1.8,1.7
2021,M02,February,,6.2,[{}],"{'net_changes': {'1': '-0.1', '3': '-0.5', '6': '-2.2', '12': '2.7'}, 'pct_changes': {'1': '-1.6', '3': '-7.5', '6': '-26.2', '12': '77.1'}}",2021-02-01,-0.1,-0.5,-2.2,2.7
2021,M01,January,,6.3,[{}],"{'net_changes': {'1': '-0.4', '3': '-0.6', '6': '-3.9', '12': '2.8'}, 'pct_changes': {'1': '-6.0', '3': '-8.7', '6': '-38.2', '12': '80.0'}}",2021-01-01,-0.4,-0.6,-3.9,2.8
2020,M12,December,,6.7,[{}],"{'net_changes': {'1': '0.0', '3': '-1.2', '6': '-4.3', '12': '3.1'}, 'pct_changes': {'1': '0.0', '3': '-15.2', '6': '-39.1', '12': '86.1'}}",2020-12-01,0.0,-1.2,-4.3,3.1
2020,M11,November,,6.7,[{}],"{'net_changes': {'1': '-0.2', '3': '-1.7', '6': '-6.5', '12': '3.1'}, 'pct_changes': {'1': '-2.9', '3': '-20.2', '6': '-49.2', '12': '86.1'}}",2020-11-01,-0.2,-1.7,-6.5,3.1
2020,M10,October,,6.9,[{}],"{'net_changes': {'1': '-1.0', '3': '-3.3', '6': '-7.8', '12': '3.3'}, 'pct_changes': {'1': '-12.7', '3': '-32.4', '6': '-53.1', '12': '91.7'}}",2020-10-01,-1.0,-3.3,-7.8,3.3
2020,M09,September,,7.9,[{}],"{'net_changes': {'1': '-0.5', '3': '-3.1', '6': '3.5', '12': '4.4'}, 'pct_changes': {'1': '-6.0', '3': '-28.2', '6': '79.5', '12': '125.7'}}",2020-09-01,-0.5,-3.1,3.5,4.4
2020,M08,August,,8.4,[{}],"{'net_changes': {'1': '-1.8', '3': '-4.8', '6': '4.9', '12': '4.7'}, 'pct_changes': {'1': '-17.6', '3': '-36.4', '6': '140.0', '12': '127.0'}}",2020-08-01,-1.8,-4.8,4.9,4.7
2020,M07,July,,10.2,[{}],"{'net_changes': {'1': '-0.8', '3': '-4.5', '6': '6.7', '12': '6.5'}, 'pct_changes': {'1': '-7.3', '3': '-30.6', '6': '191.4', '12': '175.7'}}",2020-07-01,-0.8,-4.5,6.7,6.5
2020,M06,June,,11.0,[{}],"{'net_changes': {'1': '-2.2', '3': '6.6', '6': '7.4', '12': '7.4'}, 'pct_changes': {'1': '-16.7', '3': '150.0', '6': '205.6', '12': '205.6'}}",2020-06-01,-2.2,6.6,7.4,7.4
2020,M05,May,,13.2,[{}],"{'net_changes': {'1': '-1.5', '3': '9.7', '6': '9.6', '12': '9.5'}, 'pct_changes': {'1': '-10.2', '3': '277.1', '6': '266.7', '12': '256.8'}}",2020-05-01,-1.5,9.7,9.6,9.5
2020,M04,April,,14.7,[{}],"{'net_changes': {'1': '10.3', '3': '11.2', '6': '11.1', '12': '11.1'}, 'pct_changes': {'1': '234.1', '3': '320.0', '6': '308.3', '12': '308.3'}}",2020-04-01,10.3,11.2,11.1,11.1
2020,M03,March,,4.4,[{}],"{'net_changes': {'1': '0.9', '3': '0.8', '6': '0.9', '12': '0.6'}, 'pct_changes': {'1': '25.7', '3': '22.2', '6': '25.7', '12': '15.8'}}",2020-03-01,0.9,0.8,0.9,0.6
2020,M02,February,,3.5,[{}],"{'net_changes': {'1': '0.0', '3': '-0.1', '6': '-0.2', '12': '-0.3'}, 'pct_changes': {'1': '0.0', '3': '-2.8', '6': '-5.4', '12': '-7.9'}}",2020-02-01,0.0,-0.1,-0.2,-0.3
2020,M01,January,,3.5,[{}],"{'net_changes': {'1': '-0.1', '3': '-0.1', '6': '-0.2', '12': '-0.5'}, 'pct_changes': {'1': '-2.8', '3': '-2.8', '6': '-5.4', '12': '-12.5'}}",2020-01-01,-0.1,-0.1,-0.2,-0.5
2019,M12,December,,3.6,[{}],"{'net_changes': {'1': '0.0', '3': '0.1', '6': '0.0', '12': '-0.3'}, 'pct_changes': {'1': '0.0', '3': '2.9', '6': '0.0', '12': '-7.7'}}",2019-12-01,0.0,0.1,0.0,-0.3
2019,M11,November,,3.6,[{}],"{'net_changes': {'1': '0.0', '3': '-0.1', '6': '-0.1', '12': '-0.2'}, 'pct_changes': {'1': '0.0', '3': '-2.7', '6': '-2.7', '12': '-5.3'}}",2019-11-01,0.0,-0.1,-0.1,-0.2
2019,M10,October,,3.6,[{}],"{'net_changes': {'1': '0.1', '3': '-0.1', '6': '0.0', '12': '-0.2'}, 'pct_changes': {'1': '2.9', '3': '-2.7', '6': '0.0', '12': '-5.3'}}",2019-10-01,0.1,-0.1,0.0,-0.2
2019,M09,September,,3.5,[{}],"{'net_changes': {'1': '-0.2', '3': '-0.1', '6': '-0.3', '12': '-0.2'}, 'pct_changes': {'1': '-5.4', '3': '-2.8', '6': '-7.9', '12': '-5.4'}}",2019-09-01,-0.2,-0.1,-0.3,-0.2
2019,M08,August,,3.7,[{}],"{'net_changes': {'1': '0.0', '3': '0.0', '6': '-0.1', '12': '-0.1'}, 'pct_changes': {'1': '0.0', '3': '0.0', '6': '-2.6', '12': '-2.6'}}",2019-08-01,0.0,0.0,-0.1,-0.1
2019,M07,July,,3.7,[{}],"{'net_changes': {'1': '0.1', '3': '0.1', '6': '-0.3', '12': '-0.1'}, 'pct_changes': {'1': '2.8', '3': '2.8', '6': '-7.5', '12': '-2.6'}}",2019-07-01,0.1,0.1,-0.3,-0.1
2019,M06,June,,3.6,[{}],"{'net_changes': {'1': '-0.1', '3': '-0.2', '6': '-0.3', '12': '-0.4'}, 'pct_changes': {'1': '-2.7', '3': '-5.3', '6': '-7.7', '12': '-10.0'}}",2019-06-01,-0.1,-0.2,-0.3,-0.4
2019,M05,May,,3.7,[{}],"{'net_changes': {'1': '0.1', '3': '-0.1', '6': '-0.1', '12': '-0.1'}, 'pct_changes': {'1': '2.8', '3': '-2.6', '6': '-2.6', '12': '-2.6'}}",2019-05-01,0.1,-0.1,-0.1,-0.1
2019,M04,April,,3.6,[{}],"{'net_changes': {'1': '-0.2', '3': '-0.4', '6': '-0.2', '12': '-0.4'}, 'pct_changes': {'1': '-5.3', '3': '-10.0', '6': '-5.3', '12': '-10.0'}}",2019-04-01,-0.2,-0.4,-0.2,-0.4
2019,M03,March,,3.8,[{}],"{'net_changes': {'1': '0.0', '3': '-0.1', '6': '0.1', '12': '-0.2'}, 'pct_changes': {'1': '0.0', '3': '-2.6', '6': '2.7', '12': '-5.0'}}",2019-03-01,0.0,-0.1,0.1,-0.2
2019,M02,February,,3.8,[{}],"{'net_changes': {'1': '-0.2', '3': '0.0', '6': '0.0', '12': '-0.3'}, 'pct_changes': {'1': '-5.0', '3': '0.0', '6': '0.0', '12': '-7.3'}}",2019-02-01,-0.2,0.0,0.0,-0.3
2019,M01,January,,4.0,[{}],"{'net_changes': {'1': '0.1', '3': '0.2', '6': '0.2', '12': '0.0'}, 'pct_changes': {'1': '2.6', '3': '5.3', '6': '5.3', '12': '0.0'}}",2019-01-01,0.1,0.2,0.2,0.0
2018,M12,December,,3.9,[{}],"{'net_changes': {'1': '0.1', '3': '0.2', '6': '-0.1', '12': '-0.2'}, 'pct_changes': {'1': '2.6', '3': '5.4', '6': '-2.5', '12': '-4.9'}}",2018-12-01,0.1,0.2,-0.1,-0.2
2018,M11,November,,3.8,[{}],"{'net_changes': {'1': '0.0', '3': '0.0', '6': '0.0', '12': '-0.4'}, 'pct_changes': {'1': '0.0', '3': '0.0', '6': '0.0', '12': '-9.5'}}",2018-11-01,0.0,0.0,0.0,-0.4
2018,M10,October,,3.8,[{}],"{'net_changes': {'1': '0.1', '3': '0.0', '6': '-0.2', '12': '-0.4'}, 'pct_changes': {'1': '2.7', '3': '0.0', '6': '-5.0', '12': '-9.5'}}",2018-10-01,0.1,0.0,-0.2,-0.4
2018,M09,September,,3.7,[{}],"{'net_changes': {'1': '-0.1', '3': '-0.3', '6': '-0.3', '12': '-0.6'}, 'pct_changes': {'1': '-2.6', '3': '-7.5', '6': '-7.5', '12': '-14.0'}}",2018-09-01,-0.1,-0.3,-0.3,-0.6
2018,M08,August,,3.8,[{}],"{'net_changes': {'1': '0.0', '3': '0.0', '6': '-0.3', '12': '-0.6'}, 'pct_changes': {'1': '0.0', '3': '0.0', '6': '-7.3', '12': '-13.6'}}",2018-08-01,0.0,0.0,-0.3,-0.6
2018,M07,July,,3.8,[{}],"{'net_changes': {'1': '-0.2', '3': '-0.2', '6': '-0.2', '12': '-0.5'}, 'pct_changes': {'1': '-5.0', '3': '-5.0', '6': '-5.0', '12': '-11.6'}}",2018-07-01,-0.2,-0.2,-0.2,-0.5
2018,M06,June,,4.0,[{}],"{'net_changes': {'1': '0.2', '3': '0.0', '6': '-0.1', '12': '-0.3'}, 'pct_changes': {'1': '5.3', '3': '0.0', '6': '-2.4', '12': '-7.0'}}",2018-06-01,0.2,0.0,-0.1,-0.3
2018,M05,May,,3.8,[{}],"{'net_changes': {'1': '-0.2', '3': '-0.3', '6': '-0.4', '12': '-0.6'}, 'pct_changes': {'1': '-5.0', '3': '-7.3', '6': '-9.5', '12': '-13.6'}}",2018-05-01,-0.2,-0.3,-0.4,-0.6
2018,M04,April,,4.0,[{}],"{'net_changes': {'1': '0.0', '3': '0.0', '6': '-0.2', '12': '-0.4'}, 'pct_changes': {'1': '0.0', '3': '0.0', '6': '-4.8', '12': '-9.1'}}",2018-04-01,0.0,0.0,-0.2,-0.4
2018,M03,March,,4.0,[{}],"{'net_changes': {'1': '-0.1', '3': '-0.1', '6': '-0.3', '12': '-0.4'}, 'pct_changes': {'1': '-2.4', '3': '-2.4', '6': '-7.0', '12': '-9.1'}}",2018-03-01,-0.1,-0.1,-0.3,-0.4
2018,M02,February,,4.1,[{}],"{'net_changes': {'1': '0.1', '3': '-0.1', '6': '-0.3', '12': '-0.5'}, 'pct_changes': {'1': '2.5', '3': '-2.4', '6': '-6.8', '12': '-10.9'}}",2018-02-01,0.1,-0.1,-0.3,-0.5
2018,M01,January,,4.0,[{}],"{'net_changes': {'1': '-0.1', '3': '-0.2', '6': '-0.3', '12': '-0.7'}, 'pct_changes': {'1': '-2.4', '3': '-4.8', '6': '-7.0', '12': '-14.9'}}",2018-01-01,-0.1,-0.2,-0.3,-0.7
2017,M12,December,,4.1,[{}],"{'net_changes': {'1': '-0.1', '3': '-0.2', '6': '-0.2', '12': '-0.6'}, 'pct_changes': {'1': '-2.4', '3': '-4.7', '6': '-4.7', '12': '-12.8'}}",2017-12-01,-0.1,-0.2,-0.2,-0.6
2017,M11,November,,4.2,[{}],"{'net_changes': {'1': '0.0', '3': '-0.2', '6': '-0.2', '12': '-0.5'}, 'pct_changes': {'1': '0.0', '3': '-4.5', '6': '-4.5', '12': '-10.6'}}",2017-11-01,0.0,-0.2,-0.2,-0.5
2017,M10,October,,4.2,[{}],"{'net_changes': {'1': '-0.1', '3': '-0.1', '6': '-0.2', '12': '-0.7'}, 'pct_changes': {'1': '-2.3', '3': '-2.3', '6': '-4.5', '12': '-14.3'}}",2017-10-01,-0.1,-0.1,-0.2,-0.7
2017,M09,September,,4.3,[{}],"{'net_changes': {'1': '-0.1', '3': '0.0', '6': '-0.1', '12': '-0.7'}, 'pct_changes': {'1': '-2.3', '3': '0.0', '6': '-2.3', '12': '-14.0'}}",2017-09-01,-0.1,0.0,-0.1,-0.7
2017,M08,August,,4.4,[{}],"{'net_changes': {'1': '0.1', '3': '0.0', '6': '-0.2', '12': '-0.5'}, 'pct_changes': {'1': '2.3', '3': '0.0', '6': '-4.3', '12': '-10.2'}}",2017-08-01,0.1,0.0,-0.2,-0.5
2017,M07,July,,4.3,[{}],"{'net_changes': {'1': '0.0', '3': '-0.1', '6': '-0.4', '12': '-0.5'}, 'pct_changes': {'1': '0.0', '3': '-2.3', '6': '-8.5', '12': '-10.4'}}",2017-07-01,0.0,-0.1,-0.4,-0.5
2017,M06,June,,4.3,[{}],"{'net_changes': {'1': '-0.1', '3': '-0.1', '6': '-0.4', '12': '-0.6'}, 'pct_changes': {'1': '-2.3', '3': '-2.3', '6': '-8.5', '12': '-12.2'}}",2017-06-01,-0.1,-0.1,-0.4,-0.6
2017,M05,May,,4.4,[{}],"{'net_changes': {'1': '0.0', '3': '-0.2', '6': '-0.3', '12': '-0.4'}, 'pct_changes': {'1': '0.0', '3': '-4.3', '6': '-6.4', '12': '-8.3'}}",2017-05-01,0.0,-0.2,-0.3,-0.4
2017,M04,April,,4.4,[{}],"{'net_changes': {'1': '0.0', '3': '-0.3', '6': '-0.5', '12': '-0.7'}, 'pct_changes': {'1': '0.0', '3': '-6.4', '6': '-10.2', '12': '-13.7'}}",2017-04-01,0.0,-0.3,-0.5,-0.7
2017,M03,March,,4.4,[{}],"{'net_changes': {'1': '-0.2', '3': '-0.3', '6': '-0.6', '12': '-0.6'}, 'pct_changes': {'1': '-4.3', '3': '-6.4', '6': '-12.0', '12': '-12.0'}}",2017-03-01,-0.2,-0.3,-0.6,-0.6
2017,M02,February,,4.6,[{}],"{'net_changes': {'1': '-0.1', '3': '-0.1', '6': '-0.3', '12': '-0.3'}, 'pct_changes': {'1': '-2.1', '3': '-2.1', '6': '-6.1', '12': '-6.1'}}",2017-02-01,-0.1,-0.1,-0.3,-0.3
2017,M01,January,,4.7,[{}],"{'net_changes': {'1': '0.0', '3': '-0.2', '6': '-0.1', '12': '-0.1'}, 'pct_changes': {'1': '0.0', '3': '-4.1', '6': '-2.1', '12': '-2.1'}}",2017-01-01,0.0,-0.2,-0.1,-0.1
2016,M12,December,,4.7,[{}],"{'net_changes': {'1': '0.0', '3': '-0.3', '6': '-0.2', '12': '-0.3'}, 'pct_changes': {'1': '0.0', '3': '-6.0', '6': '-4.1', '12': '-6.0'}}",2016-12-01,0.0,-0.3,-0.2,-0.3
2016,M11,November,,4.7,[{}],"{'net_changes': {'1': '-0.2', '3': '-0.2', '6': '-0.1', '12': '-0.4'}, 'pct_changes': {'1': '-4.1', '3': '-4.1', '6': '-2.1', '12': '-7.8'}}",2016-11-01,-0.2,-0.2,-0.1,-0.4
2016,M10,October,,4.9,[{}],"{'net_changes': {'1': '-0.1', '3': '0.1', '6': '-0.2', '12': '-0.1'}, 'pct_changes': {'1': '-2.0', '3': '2.1', '6': '-3.9', '12': '-2.0'}}",2016-10-01,-0.1,0.1,-0.2,-0.1
2016,M09,September,,5.0,[{}],"{'net_changes': {'1': '0.1', '3': '0.1', '6': '0.0', '12': '0.0'}, 'pct_changes': {'1': '2.0', '3': '2.0', '6': '0.0', '12': '0.0'}}",2016-09-01,0.1,0.1,0.0,0.0
2016,M08,August,,4.9,[{}],"{'net_changes': {'1': '0.1', '3': '0.1', '6': '0.0', '12': '-0.2'}, 'pct_changes': {'1': '2.1', '3': '2.1', '6': '0.0', '12': '-3.9'}}",2016-08-01,0.1,0.1,0.0,-0.2
2016,M07,July,,4.8,[{}],"{'net_changes': {'1': '-0.1', '3': '-0.3', '6': '0.0', '12': '-0.4'}, 'pct_changes': {'1': '-2.0', '3': '-5.9', '6': '0.0', '12': '-7.7'}}",2016-07-01,-0.1,-0.3,0.0,-0.4
2016,M06,June,,4.9,[{}],"{'net_changes': {'1': '0.1', '3': '-0.1', '6': '-0.1', '12': '-0.4'}, 'pct_changes': {'1': '2.1', '3': '-2.0', '6': '-2.0', '12': '-7.5'}}",2016-06-01,0.1,-0.1,-0.1,-0.4
2016,M05,May,,4.8,[{}],"{'net_changes': {'1': '-0.3', '3': '-0.1', '6': '-0.3', '12': '-0.8'}, 'pct_changes': {'1': '-5.9', '3': '-2.0', '6': '-5.9', '12': '-14.3'}}",2016-05-01,-0.3,-0.1,-0.3,-0.8
2016,M04,April,,5.1,[{}],"{'net_changes': {'1': '0.1', '3': '0.3', '6': '0.1', '12': '-0.3'}, 'pct_changes': {'1': '2.0', '3': '6.3', '6': '2.0', '12': '-5.6'}}",2016-04-01,0.1,0.3,0.1,-0.3
2016,M03,March,,5.0,[{}],"{'net_changes': {'1': '0.1', '3': '0.0', '6': '0.0', '12': '-0.4'}, 'pct_changes': {'1': '2.0', '3': '0.0', '6': '0.0', '12': '-7.4'}}",2016-03-01,0.1,0.0,0.0,-0.4
2016,M02,February,,4.9,[{}],"{'net_changes': {'1': '0.1', '3': '-0.2', '6': '-0.2', '12': '-0.6'}, 'pct_changes': {'1': '2.1', '3': '-3.9', '6': '-3.9', '12': '-10.9'}}",2016-02-01,0.1,-0.2,-0.2,-0.6
2016,M01,January,,4.8,[{}],"{'net_changes': {'1': '-0.2', '3': '-0.2', '6': '-0.4', '12': '-0.9'}, 'pct_changes': {'1': '-4.0', '3': '-4.0', '6': '-7.7', '12': '-15.8'}}",2016-01-01,-0.2,-0.2,-0.4,-0.9
2015,M12,December,,5.0,[{}],"{'net_changes': {'1': '-0.1', '3': '0.0', '6': '-0.3', '12': '-0.6'}, 'pct_changes': {'1': '-2.0', '3': '0.0', '6': '-5.7', '12': '-10.7'}}",2015-12-01,-0.1,0.0,-0.3,-0.6
2015,M11,November,,5.1,[{}],"{'net_changes': {'1': '0.1', '3': '0.0', '6': '-0.5', '12': '-0.7'}, 'pct_changes': {'1': '2.0', '3': '0.0', '6': '-8.9', '12': '-12.1'}}",2015-11-01,0.1,0.0,-0.5,-0.7
2015,M10,October,,5.0,[{}],"{'net_changes': {'1': '0.0', '3': '-0.2', '6': '-0.4', '12': '-0.7'}, 'pct_changes': {'1': '0.0', '3': '-3.8', '6': '-7.4', '12': '-12.3'}}",2015-10-01,0.0,-0.2,-0.4,-0.7
2015,M09,September,,5.0,[{}],"{'net_changes': {'1': '-0.1', '3': '-0.3', '6': '-0.4', '12': '-0.9'}, 'pct_changes': {'1': '-2.0', '3': '-5.7', '6': '-7.4', '12': '-15.3'}}",2015-09-01,-0.1,-0.3,-0.4,-0.9
2015,M08,August,,5.1,[{}],"{'net_changes': {'1': '-0.1', '3': '-0.5', '6': '-0.4', '12': '-1.0'}, 'pct_changes': {'1': '-1.9', '3': '-8.9', '6': '-7.3', '12': '-16.4'}}",2015-08-01,-0.1,-0.5,-0.4,-1.0
2015,M07,July,,5.2,[{}],"{'net_changes': {'1': '-0.1', '3': '-0.2', '6': '-0.5', '12': '-1.0'}, 'pct_changes': {'1': '-1.9', '3': '-3.7', '6': '-8.8', '12': '-16.1'}}",2015-07-01,-0.1,-0.2,-0.5,-1.0
2015,M06,June,,5.3,[{}],"{'net_changes': {'1': '-0.3', '3': '-0.1', '6': '-0.3', '12': '-0.8'}, 'pct_changes': {'1': '-5.4', '3': '-1.9', '6': '-5.4', '12': '-13.1'}}",2015-06-01,-0.3,-0.1,-0.3,-0.8
2015,M05,May,,5.6,[{}],"{'net_changes': {'1': '0.2', '3': '0.1', '6': '-0.2', '12': '-0.7'}, 'pct_changes': {'1': '3.7', '3': '1.8', '6': '-3.4', '12': '-11.1'}}",2015-05-01,0.2,0.1,-0.2,-0.7
2015,M04,April,,5.4,[{}],"{'net_changes': {'1': '0.0', '3': '-0.3', '6': '-0.3', '12': '-0.8'}, 'pct_changes': {'1': '0.0', '3': '-5.3', '6': '-5.3', '12': '-12.9'}}",2015-04-01,0.0,-0.3,-0.3,-0.8
2015,M03,March,,5.4,[{}],"{'net_changes': {'1': '-0.1', '3': '-0.2', '6': '-0.5', '12': '-1.3'}, 'pct_changes': {'1': '-1.8', '3': '-3.6', '6': '-8.5', '12': '-19.4'}}",2015-03-01,-0.1,-0.2,-0.5,-1.3
2015,M02,February,,5.5,[{}],"{'net_changes': {'1': '-0.2', '3': '-0.3', '6': '-0.6', '12': '-1.2'}, 'pct_changes': {'1': '-3.5', '3': '-5.2', '6': '-9.8', '12': '-17.9'}}",2015-02-01,-0.2,-0.3,-0.6,-1.2
2015,M01,January,,5.7,[{}],"{'net_changes': {'1': '0.1', '3': '0.0', '6': '-0.5', '12': '-0.9'}, 'pct_changes': {'1': '1.8', '3': '0.0', '6': '-8.1', '12': '-13.6'}}",2015-01-01,0.1,0.0,-0.5,-0.9
2014,M12,December,,5.6,[{}],"{'net_changes': {'1': '-0.2', '3': '-0.3', '6': '-0.5', '12': '-1.1'}, 'pct_changes': {'1': '-3.4', '3': '-5.1', '6': '-8.2', '12': '-16.4'}}",2014-12-01,-0.2,-0.3,-0.5,-1.1
2014,M11,November,,5.8,[{}],"{'net_changes': {'1': '0.1', '3': '-0.3', '6': '-0.5', '12': '-1.1'}, 'pct_changes': {'1': '1.8', '3': '-4.9', '6': '-7.9', '12': '-15.9'}}",2014-11-01,0.1,-0.3,-0.5,-1.1
2014,M10,October,,5.7,[{}],"{'net_changes': {'1': '-0.2', '3': '-0.5', '6': '-0.5', '12': '-1.5'}, 'pct_changes': {'1': '-3.4', '3': '-8.1', '6': '-8.1', '12': '-20.8'}}",2014-10-01,-0.2,-0.5,-0.5,-1.5
2014,M09,September,,5.9,[{}],"{'net_changes': {'1': '-0.2', '3': '-0.2', '6': '-0.8', '12': '-1.3'}, 'pct_changes': {'1': '-3.3', '3': '-3.3', '6': '-11.9', '12': '-18.1'}}",2014-09-01,-0.2,-0.2,-0.8,-1.3
2014,M08,August,,6.1,[{}],"{'net_changes': {'1': '-0.1', '3': '-0.2', '6': '-0.6', '12': '-1.1'}, 'pct_changes': {'1': '-1.6', '3': '-3.2', '6': '-9.0', '12': '-15.3'}}",2014-08-01,-0.1,-0.2,-0.6,-1.1
2014,M07,July,,6.2,[{}],"{'net_changes': {'1': '0.1', '3': '0.0', '6': '-0.4', '12': '-1.1'}, 'pct_changes': {'1': '1.6', '3': '0.0', '6': '-6.1', '12': '-15.1'}}",2014-07-01,0.1,0.0,-0.4,-1.1
2014,M06,June,,6.1,[{}],"{'net_changes': {'1': '-0.2', '3': '-0.6', '6': '-0.6', '12': '-1.4'}, 'pct_changes': {'1': '-3.2', '3': '-9.0', '6': '-9.0', '12': '-18.7'}}",2014-06-01,-0.2,-0.6,-0.6,-1.4
2014,M05,May,,6.3,[{}],"{'net_changes': {'1': '0.1', '3': '-0.4', '6': '-0.6', '12': '-1.2'}, 'pct_changes': {'1': '1.6', '3': '-6.0', '6': '-8.7', '12': '-16.0'}}",2014-05-01,0.1,-0.4,-0.6,-1.2
2014,M04,April,,6.2,[{}],"{'net_changes': {'1': '-0.5', '3': '-0.4', '6': '-1.0', '12': '-1.4'}, 'pct_changes': {'1': '-7.5', '3': '-6.1', '6': '-13.9', '12': '-18.4'}}",2014-04-01,-0.5,-0.4,-1.0,-1.4
2014,M03,March,,6.7,[{}],"{'net_changes': {'1': '0.0', '3': '0.0', '6': '-0.5', '12': '-0.8'}, 'pct_changes': {'1': '0.0', '3': '0.0', '6': '-6.9', '12': '-10.7'}}",2014-03-01,0.0,0.0,-0.5,-0.8
2014,M02,February,,6.7,[{}],"{'net_changes': {'1': '0.1', '3': '-0.2', '6': '-0.5', '12': '-1.0'}, 'pct_changes': {'1': '1.5', '3': '-2.9', '6': '-6.9', '12': '-13.0'}}",2014-02-01,0.1,-0.2,-0.5,-1.0
2014,M01,January,,6.6,[{}],"{'net_changes': {'1': '-0.1', '3': '-0.6', '6': '-0.7', '12': '-1.4'}, 'pct_changes': {'1': '-1.5', '3': '-8.3', '6': '-9.6', '12': '-17.5'}}",2014-01-01,-0.1,-0.6,-0.7,-1.4
2013,M12,December,,6.7,[{}],"{'net_changes': {'1': '-0.2', '3': '-0.5', '6': '-0.8', '12': '-1.2'}, 'pct_changes': {'1': '-2.9', '3': '-6.9', '6': '-10.7', '12': '-15.2'}}",2013-12-01,-0.2,-0.5,-0.8,-1.2
2013,M11,November,,6.9,[{}],"{'net_changes': {'1': '-0.3', '3': '-0.3', '6': '-0.6', '12': '-0.8'}, 'pct_changes': {'1': '-4.2', '3': '-4.2', '6': '-8.0', '12': '-10.4'}}",2013-11-01,-0.3,-0.3,-0.6,-0.8
2013,M10,October,,7.2,[{}],"{'net_changes': {'1': '0.0', '3': '-0.1', '6': '-0.4', '12': '-0.6'}, 'pct_changes': {'1': '0.0', '3': '-1.4', '6': '-5.3', '12': '-7.7'}}",2013-10-01,0.0,-0.1,-0.4,-0.6
2013,M09,September,,7.2,[{}],"{'net_changes': {'1': '0.0', '3': '-0.3', '6': '-0.3', '12': '-0.6'}, 'pct_changes': {'1': '0.0', '3': '-4.0', '6': '-4.0', '12': '-7.7'}}",2013-09-01,0.0,-0.3,-0.3,-0.6
2013,M08,August,,7.2,[{}],"{'net_changes': {'1': '-0.1', '3': '-0.3', '6': '-0.5', '12': '-0.9'}, 'pct_changes': {'1': '-1.4', '3': '-4.0', '6': '-6.5', '12': '-11.1'}}",2013-08-01,-0.1,-0.3,-0.5,-0.9
2013,M07,July,,7.3,[{}],"{'net_changes': {'1': '-0.2', '3': '-0.3', '6': '-0.7', '12': '-0.9'}, 'pct_changes': {'1': '-2.7', '3': '-3.9', '6': '-8.8', '12': '-11.0'}}",2013-07-01,-0.2,-0.3,-0.7,-0.9
2013,M06,June,,7.5,[{}],"{'net_changes': {'1': '0.0', '3': '0.0', '6': '-0.4', '12': '-0.7'}, 'pct_changes': {'1': '0.0', '3': '0.0', '6': '-5.1', '12': '-8.5'}}",2013-06-01,0.0,0.0,-0.4,-0.7
2013,M05,May,,7.5,[{}],"{'net_changes': {'1': '-0.1', '3': '-0.2', '6': '-0.2', '12': '-0.7'}, 'pct_changes': {'1': '-1.3', '3': '-2.6', '6': '-2.6', '12': '-8.5'}}",2013-05-01,-0.1,-0.2,-0.2,-0.7
2013,M04,April,,7.6,[{}],"{'net_changes': {'1': '0.1', '3': '-0.4', '6': '-0.2', '12': '-0.6'}, 'pct_changes': {'1': '1.3', '3': '-5.0', '6': '-2.6', '12': '-7.3'}}",2013-04-01,0.1,-0.4,-0.2,-0.6
2013,M03,March,,7.5,[{}],"{'net_changes': {'1': '-0.2', '3': '-0.4', '6': '-0.3', '12': '-0.7'}, 'pct_changes': {'1': '-2.6', '3': '-5.1', '6': '-3.8', '12': '-8.5'}}",2013-03-01,-0.2,-0.4,-0.3,-0.7
2013,M02,February,,7.7,[{}],"{'net_changes': {'1': '-0.3', '3': '0.0', '6': '-0.4', '12': '-0.6'}, 'pct_changes': {'1': '-3.8', '3': '0.0', '6': '-4.9', '12': '-7.2'}}",2013-02-01,-0.3,0.0,-0.4,-0.6
2013,M01,January,,8.0,[{}],"{'net_changes': {'1': '0.1', '3': '0.2', '6': '-0.2', '12': '-0.3'}, 'pct_changes': {'1': '1.3', '3': '2.6', '6': '-2.4', '12': '-3.6'}}",2013-01-01,0.1,0.2,-0.2,-0.3
2012,M12,December,,7.9,[{}],"{'net_changes': {'1': '0.2', '3': '0.1', '6': '-0.3', '12': '-0.6'}, 'pct_changes': {'1': '2.6', '3': '1.3', '6': '-3.7', '12': '-7.1'}}",2012-12-01,0.2,0.1,-0.3,-0.6
2012,M11,November,,7.7,[{}],"{'net_changes': {'1': '-0.1', '3': '-0.4', '6': '-0.5', '12': '-0.9'}, 'pct_changes': {'1': '-1.3', '3': '-4.9', '6': '-6.1', '12': '-10.5'}}",2012-11-01,-0.1,-0.4,-0.5,-0.9
2012,M10,October,,7.8,[{}],"{'net_changes': {'1': '0.0', '3': '-0.4', '6': '-0.4', '12': '-1.0'}, 'pct_changes': {'1': '0.0', '3': '-4.9', '6': '-4.9', '12': '-11.4'}}",2012-10-01,0.0,-0.4,-0.4,-1.0
2012,M09,September,,7.8,[{}],"{'net_changes': {'1': '-0.3', '3': '-0.4', '6': '-0.4', '12': '-1.2'}, 'pct_changes': {'1': '-3.7', '3': '-4.9', '6': '-4.9', '12': '-13.3'}}",2012-09-01,-0.3,-0.4,-0.4,-1.2
2012,M08,August,,8.1,[{}],"{'net_changes': {'1': '-0.1', '3': '-0.1', '6': '-0.2', '12': '-0.9'}, 'pct_changes': {'1': '-1.2', '3': '-1.2', '6': '-2.4', '12': '-10.0'}}",2012-08-01,-0.1,-0.1,-0.2,-0.9
2012,M07,July,,8.2,[{}],"{'net_changes': {'1': '0.0', '3': '0.0', '6': '-0.1', '12': '-0.8'}, 'pct_changes': {'1': '0.0', '3': '0.0', '6': '-1.2', '12': '-8.9'}}",2012-07-01,0.0,0.0,-0.1,-0.8
2012,M06,June,,8.2,[{}],"{'net_changes': {'1': '0.0', '3': '0.0', '6': '-0.3', '12': '-0.9'}, 'pct_changes': {'1': '0.0', '3': '0.0', '6': '-3.5', '12': '-9.9'}}",2012-06-01,0.0,0.0,-0.3,-0.9
2012,M05,May,,8.2,[{}],"{'net_changes': {'1': '0.0', '3': '-0.1', '6': '-0.4', '12': '-0.8'}, 'pct_changes': {'1': '0.0', '3': '-1.2', '6': '-4.7', '12': '-8.9'}}",2012-05-01,0.0,-0.1,-0.4,-0.8
2012,M04,April,,8.2,[{}],"{'net_changes': {'1': '0.0', '3': '-0.1', '6': '-0.6', '12': '-0.9'}, 'pct_changes': {'1': '0.0', '3': '-1.2', '6': '-6.8', '12': '-9.9'}}",2012-04-01,0.0,-0.1,-0.6,-0.9
2012,M03,March,,8.2,[{}],"{'net_changes': {'1': '-0.1', '3': '-0.3', '6': '-0.8', '12': '-0.8'}, 'pct_changes': {'1': '-1.2', '3': '-3.5', '6': '-8.9', '12': '-8.9'}}",2012-03-01,-0.1,-0.3,-0.8,-0.8
2012,M02,February,,8.3,[{}],"{'net_changes': {'1': '0.0', '3': '-0.3', '6': '-0.7', '12': '-0.7'}, 'pct_changes': {'1': '0.0', '3': '-3.5', '6': '-7.8', '12': '-7.8'}}",2012-02-01,0.0,-0.3,-0.7,-0.7
2012,M01,January,,8.3,[{}],"{'net_changes': {'1': '-0.2', '3': '-0.5', '6': '-0.7', '12': '-0.8'}, 'pct_changes': {'1': '-2.4', '3': '-5.7', '6': '-7.8', '12': '-8.8'}}",2012-01-01,-0.2,-0.5,-0.7,-0.8
2011,M12,December,,8.5,[{}],"{'net_changes': {'1': '-0.1', '3': '-0.5', '6': '-0.6', '12': '-0.8'}, 'pct_changes': {'1': '-1.2', '3': '-5.6', '6': '-6.6', '12': '-8.6'}}",2011-12-01,-0.1,-0.5,-0.6,-0.8
2011,M11,November,,8.6,[{}],"{'net_changes': {'1': '-0.2', '3': '-0.4', '6': '-0.4', '12': '-1.2'}, 'pct_changes': {'1': '-2.3', '3': '-4.4', '6': '-4.4', '12': '-12.2'}}",2011-11-01,-0.2,-0.4,-0.4,-1.2
2011,M10,October,,8.8,[{}],"{'net_changes': {'1': '-0.2', '3': '-0.2', '6': '-0.3', '12': '-0.6'}, 'pct_changes': {'1': '-2.2', '3': '-2.2', '6': '-3.3', '12': '-6.4'}}",2011-10-01,-0.2,-0.2,-0.3,-0.6
2011,M09,September,,9.0,[{}],"{'net_changes': {'1': '0.0', '3': '-0.1', '6': '0.0', '12': '-0.5'}, 'pct_changes': {'1': '0.0', '3': '-1.1', '6': '0.0', '12': '-5.3'}}",2011-09-01,0.0,-0.1,0.0,-0.5
2011,M08,August,,9.0,[{}],"{'net_changes': {'1': '0.0', '3': '0.0', '6': '0.0', '12': '-0.5'}, 'pct_changes': {'1': '0.0', '3': '0.0', '6': '0.0', '12': '-5.3'}}",2011-08-01,0.0,0.0,0.0,-0.5
2011,M07,July,,9.0,[{}],"{'net_changes': {'1': '-0.1', '3': '-0.1', '6': '-0.1', '12': '-0.4'}, 'pct_changes': {'1': '-1.1', '3': '-1.1', '6': '-1.1', '12': '-4.3'}}",2011-07-01,-0.1,-0.1,-0.1,-0.4
2011,M06,June,,9.1,[{}],"{'net_changes': {'1': '0.1', '3': '0.1', '6': '-0.2', '12': '-0.3'}, 'pct_changes': {'1': '1.1', '3': '1.1', '6': '-2.2', '12': '-3.2'}}",2011-06-01,0.1,0.1,-0.2,-0.3
2011,M05,May,,9.0,[{}],"{'net_changes': {'1': '-0.1', '3': '0.0', '6': '-0.8', '12': '-0.6'}, 'pct_changes': {'1': '-1.1', '3': '0.0', '6': '-8.2', '12': '-6.3'}}",2011-05-01,-0.1,0.0,-0.8,-0.6
2011,M04,April,,9.1,[{}],"{'net_changes': {'1': '0.1', '3': '0.0', '6': '-0.3', '12': '-0.8'}, 'pct_changes': {'1': '1.1', '3': '0.0', '6': '-3.2', '12': '-8.1'}}",2011-04-01,0.1,0.0,-0.3,-0.8
2011,M03,March,,9.0,[{}],"{'net_changes': {'1': '0.0', '3': '-0.3', '6': '-0.5', '12': '-0.9'}, 'pct_changes': {'1': '0.0', '3': '-3.2', '6': '-5.3', '12': '-9.1'}}",2011-03-01,0.0,-0.3,-0.5,-0.9
2011,M02,February,,9.0,[{}],"{'net_changes': {'1': '-0.1', '3': '-0.8', '6': '-0.5', '12': '-0.8'}, 'pct_changes': {'1': '-1.1', '3': '-8.2', '6': '-5.3', '12': '-8.2'}}",2011-02-01,-0.1,-0.8,-0.5,-0.8
2011,M01,January,,9.1,[{}],"{'net_changes': {'1': '-0.2', '3': '-0.3', '6': '-0.3', '12': '-0.7'}, 'pct_changes': {'1': '-2.2', '3': '-3.2', '6': '-3.2', '12': '-7.1'}}",2011-01-01,-0.2,-0.3,-0.3,-0.7
2010,M12,December,,9.3,[{}],"{'net_changes': {'1': '-0.5', '3': '-0.2', '6': '-0.1', '12': '-0.6'}, 'pct_changes': {'1': '-5.1', '3': '-2.1', '6': '-1.1', '12': '-6.1'}}",2010-12-01,-0.5,-0.2,-0.1,-0.6
2010,M11,November,,9.8,[{}],"{'net_changes': {'1': '0.4', '3': '0.3', '6': '0.2', '12': '-0.1'}, 'pct_changes': {'1': '4.3', '3': '3.2', '6': '2.1', '12': '-1.0'}}",2010-11-01,0.4,0.3,0.2,-0.1
2010,M10,October,,9.4,[{}],"{'net_changes': {'1': '-0.1', '3': '0.0', '6': '-0.5', '12': '-0.6'}, 'pct_changes': {'1': '-1.1', '3': '0.0', '6': '-5.1', '12': '-6.0'}}",2010-10-01,-0.1,0.0,-0.5,-0.6
2010,M09,September,,9.5,[{}],"{'net_changes': {'1': '0.0', '3': '0.1', '6': '-0.4', '12': '-0.3'}, 'pct_changes': {'1': '0.0', '3': '1.1', '6': '-4.0', '12': '-3.1'}}",2010-09-01,0.0,0.1,-0.4,-0.3
2010,M08,August,,9.5,[{}],"{'net_changes': {'1': '0.1', '3': '-0.1', '6': '-0.3', '12': '-0.1'}, 'pct_changes': {'1': '1.1', '3': '-1.0', '6': '-3.1', '12': '-1.0'}}",2010-08-01,0.1,-0.1,-0.3,-0.1
2010,M07,July,,9.4,[{}],"{'net_changes': {'1': '0.0', '3': '-0.5', '6': '-0.4', '12': '-0.1'}, 'pct_changes': {'1': '0.0', '3': '-5.1', '6': '-4.1', '12': '-1.1'}}",2010-07-01,0.0,-0.5,-0.4,-0.1
2010,M06,June,,9.4,[{}],"{'net_changes': {'1': '-0.2', '3': '-0.5', '6': '-0.5', '12': '-0.1'}, 'pct_changes': {'1': '-2.1', '3': '-5.1', '6': '-5.1', '12': '-1.1'}}",2010-06-01,-0.2,-0.5,-0.5,-0.1
2010,M05,May,,9.6,[{}],"{'net_changes': {'1': '-0.3', '3': '-0.2', '6': '-0.3', '12': '0.2'}, 'pct_changes': {'1': '-3.0', '3': '-2.0', '6': '-3.0', '12': '2.1'}}",2010-05-01,-0.3,-0.2,-0.3,0.2
2010,M04,April,,9.9,[{}],"{'net_changes': {'1': '0.0', '3': '0.1', '6': '-0.1', '12': '0.9'}, 'pct_changes': {'1': '0.0', '3': '1.0', '6': '-1.0', '12': '10.0'}}",2010-04-01,0.0,0.1,-0.1,0.9
2010,M03,March,,9.9,[{}],"{'net_changes': {'1': '0.1', '3': '0.0', '6': '0.1', '12': '1.2'}, 'pct_changes': {'1': '1.0', '3': '0.0', '6': '1.0', '12': '13.8'}}",2010-03-01,0.1,0.0,0.1,1.2
2010,M02,February,,9.8,[{}],"{'net_changes': {'1': '0.0', '3': '-0.1', '6': '0.2', '12': '1.5'}, 'pct_changes': {'1': '0.0', '3': '-1.0', '6': '2.1', '12': '18.1'}}",2010-02-01,0.0,-0.1,0.2,1.5
2010,M01,January,,9.8,[{}],"{'net_changes': {'1': '-0.1', '3': '-0.2', '6': '0.3', '12': '2.0'}, 'pct_changes': {'1': '-1.0', '3': '-2.0', '6': '3.2', '12': '25.6'}}",2010-01-01,-0.1,-0.2,0.3,2.0
2009,M12,December,,9.9,[{}],"{'net_changes': {'1': '0.0', '3': '0.1', '6': '0.4', '12': '2.6'}, 'pct_changes': {'1': '0.0', '3': '1.0', '6': '4.2', '12': '35.6'}}",2009-12-01,0.0,0.1,0.4,2.6
2009,M11,November,,9.9,[{}],"{'net_changes': {'1': '-0.1', '3': '0.3', '6': '0.5', '12': '3.1'}, 'pct_changes': {'1': '-1.0', '3': '3.1', '6': '5.3', '12': '45.6'}}",2009-11-01,-0.1,0.3,0.5,3.1
2009,M10,October,,10.0,[{}],"{'net_changes': {'1': '0.2', '3': '0.5', '6': '1.0', '12': '3.5'}, 'pct_changes': {'1': '2.0', '3': '5.3', '6': '11.1', '12': '53.8'}}",2009-10-01,0.2,0.5,1.0,3.5
2009,M09,September,,9.8,[{}],"{'net_changes': {'1': '0.2', '3': '0.3', '6': '1.1', '12': '3.7'}, 'pct_changes': {'1': '2.1', '3': '3.2', '6': '12.6', '12': '60.7'}}",2009-09-01,0.2,0.3,1.1,3.7
2009,M08,August,,9.6,[{}],"{'net_changes': {'1': '0.1', '3': '0.2', '6': '1.3', '12': '3.5'}, 'pct_changes': {'1': '1.1', '3': '2.1', '6': '15.7', '12': '57.4'}}",2009-08-01,0.1,0.2,1.3,3.5
2009,M07,July,,9.5,[{}],"{'net_changes': {'1': '0.0', '3': '0.5', '6': '1.7', '12': '3.7'}, 'pct_changes': {'1': '0.0', '3': '5.6', '6': '21.8', '12': '63.8'}}",2009-07-01,0.0,0.5,1.7,3.7
2009,M06,June,,9.5,[{}],"{'net_changes': {'1': '0.1', '3': '0.8', '6': '2.2', '12': '3.9'}, 'pct_changes': {'1': '1.1', '3': '9.2', '6': '30.1', '12': '69.6'}}",2009-06-01,0.1,0.8,2.2,3.9
2009,M05,May,,9.4,[{}],"{'net_changes': {'1': '0.4', '3': '1.1', '6': '2.6', '12': '4.0'}, 'pct_changes': {'1': '4.4', '3': '13.3', '6': '38.2', '12': '74.1'}}",2009-05-01,0.4,1.1,2.6,4.0
2009,M04,April,,9.0,[{}],"{'net_changes': {'1': '0.3', '3': '1.2', '6': '2.5', '12': '4.0'}, 'pct_changes': {'1': '3.4', '3': '15.4', '6': '38.5', '12': '80.0'}}",2009-04-01,0.3,1.2,2.5,4.0
2009,M03,March,,8.7,[{}],"{'net_changes': {'1': '0.4', '3': '1.4', '6': '2.6', '12': '3.6'}, 'pct_changes': {'1': '4.8', '3': '19.2', '6': '42.6', '12': '70.6'}}",2009-03-01,0.4,1.4,2.6,3.6
2009,M02,February,,8.3,[{}],"{'net_changes': {'1': '0.5', '3': '1.5', '6': '2.2', '12': '3.4'}, 'pct_changes': {'1': '6.4', '3': '22.1', '6': '36.1', '12': '69.4'}}",2009-02-01,0.5,1.5,2.2,3.4
2009,M01,January,,7.8,[{}],"{'net_changes': {'1': '0.5', '3': '1.3', '6': '2.0', '12': '2.8'}, 'pct_changes': {'1': '6.8', '3': '20.0', '6': '34.5', '12': '56.0'}}",2009-01-01,0.5,1.3,2.0,2.8
2008,M12,December,,7.3,[{}],"{'net_changes': {'1': '0.5', '3': '1.2', '6': '1.7', '12': '2.3'}, 'pct_changes': {'1': '7.4', '3': '19.7', '6': '30.4', '12': '46.0'}}",2008-12-01,0.5,1.2,1.7,2.3
2008,M11,November,,6.8,[{}],"{'net_changes': {'1': '0.3', '3': '0.7', '6': '1.4', '12': '2.1'}, 'pct_changes': {'1': '4.6', '3': '11.5', '6': '25.9', '12': '44.7'}}",2008-11-01,0.3,0.7,1.4,2.1
2008,M10,October,,6.5,[{}],"{'net_changes': {'1': '0.4', '3': '0.7', '6': '1.5', '12': '1.8'}, 'pct_changes': {'1': '6.6', '3': '12.1', '6': '30.0', '12': '38.3'}}",2008-10-01,0.4,0.7,1.5,1.8
2008,M09,September,,6.1,[{}],"{'net_changes': {'1': '0.0', '3': '0.5', '6': '1.0', '12': '1.4'}, 'pct_changes': {'1': '0.0', '3': '8.9', '6': '19.6', '12': '29.8'}}",2008-09-01,0.0,0.5,1.0,1.4
2008,M08,August,,6.1,[{}],"{'net_changes': {'1': '0.3', '3': '0.7', '6': '1.2', '12': '1.5'}, 'pct_changes': {'1': '5.2', '3': '13.0', '6': '24.5', '12': '32.6'}}",2008-08-01,0.3,0.7,1.2,1.5
2008,M07,July,,5.8,[{}],"{'net_changes': {'1': '0.2', '3': '0.8', '6': '0.8', '12': '1.1'}, 'pct_changes': {'1': '3.6', '3': '16.0', '6': '16.0', '12': '23.4'}}",2008-07-01,0.2,0.8,0.8,1.1
2008,M06,June,,5.6,[{}],"{'net_changes': {'1': '0.2', '3': '0.5', '6': '0.6', '12': '1.0'}, 'pct_changes': {'1': '3.7', '3': '9.8', '6': '12.0', '12': '21.7'}}",2008-06-01,0.2,0.5,0.6,1.0
2008,M05,May,,5.4,[{}],"{'net_changes': {'1': '0.4', '3': '0.5', '6': '0.7', '12': '1.0'}, 'pct_changes': {'1': '8.0', '3': '10.2', '6': '14.9', '12': '22.7'}}",2008-05-01,0.4,0.5,0.7,1.0
2008,M04,April,,5.0,[{}],"{'net_changes': {'1': '-0.1', '3': '0.0', '6': '0.3', '12': '0.5'}, 'pct_changes': {'1': '-2.0', '3': '0.0', '6': '6.4', '12': '11.1'}}",2008-04-01,-0.1,0.0,0.3,0.5
2008,M03,March,,5.1,[{}],"{'net_changes': {'1': '0.2', '3': '0.1', '6': '0.4', '12': '0.7'}, 'pct_changes': {'1': '4.1', '3': '2.0', '6': '8.5', '12': '15.9'}}",2008-03-01,0.2,0.1,0.4,0.7
2008,M02,February,,4.9,[{}],"{'net_changes': {'1': '-0.1', '3': '0.2', '6': '0.3', '12': '0.4'}, 'pct_changes': {'1': '-2.0', '3': '4.3', '6': '6.5', '12': '8.9'}}",2008-02-01,-0.1,0.2,0.3,0.4
2008,M01,January,,5.0,[{}],"{'net_changes': {'1': '0.0', '3': '0.3', '6': '0.3', '12': '0.4'}, 'pct_changes': {'1': '0.0', '3': '6.4', '6': '6.4', '12': '8.7'}}",2008-01-01,0.0,0.3,0.3,0.4
